"","plot","sampling","Y_zipf","mu_log","sigma_log","treatment"
"1","1","0",-0.825540072822193,1.73317838166171,0.859290009951168,"w"
"2","1","10",-1.97402677040596,1.19357449206261,1.86446497424202,"w"
"3","1","5",-1.57020278705355,2.11602370526724,1.30534672001187,"w"
"4","1","11",-1.19374060614325,1.81697289558008,1.1282335116332,"w"
"5","1","8",-1.55154695847596,2.5530663204071,1.23667956242036,"w"
"6","1","6",-0.874265262372002,2.90674171985978,0.600906371939577,"w"
"7","1","2",-1.0123823143689,1.13309622201592,1.02429891366614,"w"
"8","1","9",-1.44740287972435,1.85380885235492,1.32002006215884,"w"
"9","1","3",-1.46843623398683,0.984715335101195,1.49620723080409,"w"
"10","1","4",-1.7494618611623,1.18769324602958,1.65222889106632,"w"
"11","1","7",-2.61316431472294,2.06299619870662,1.85750021165297,"w"
"12","10","8",-1.10814496443483,1.5402062890829,1.09724044414612,"p"
"13","10","11",-0.878289983667097,1.08054968218638,0.939976648656099,"p"
"14","10","3",-1.15717717027382,1.21503311355694,1.07093530113044,"p"
"15","10","6",-1.20596673161381,1.722620010543,1.20175437694127,"p"
"16","10","4",-1.07541392221091,1.47552911236307,0.989799314397124,"p"
"17","10","7",-1.28633376495134,1.31257739262361,1.25356714910683,"p"
"18","10","0",-1.24701789693885,1.69443317981216,1.23959949350048,"p"
"19","10","10",-0.901963742708776,1.3778543349835,0.912581514003649,"p"
"20","10","5",-1.16165965261348,1.40341768352908,1.12475513534849,"p"
"21","10","9",-0.854587707967841,1.52037591573762,0.821915476251687,"p"
"22","10","2",-0.710528563170675,0.23908243005742,0.441851628835465,"p"
"23","11","6",-2.15077886723376,1.90742012071758,1.64074663875231,"c"
"24","11","5",-1.94174401964757,2.34868633471773,1.59845684646778,"c"
"25","11","11",-2.06302840038157,0.723957333681754,2.03792917844887,"c"
"26","11","8",-1.87789052822661,1.35207327127209,1.83346156767836,"c"
"27","11","10",-2.41714739479411,0.794021491598556,2.41757617522971,"c"
"28","11","2",-1.14450232115644,1.27018220929141,1.18394127339478,"c"
"29","11","9",-2.13871923664796,1.26119724404931,2.06793269797682,"c"
"30","11","3",-1.92024870504354,1.64072942108147,1.78211301647147,"c"
"31","11","0",-1.30348411490595,1.46612078636636,1.29464965683278,"c"
"32","11","4",-1.42367805102003,2.20607617054795,1.23764991747734,"c"
"33","11","7",-1.60569504315138,2.04663377610253,1.36817450556823,"c"
"34","12","6",-2.31347903252966,1.27584719784069,1.82163981464595,"wp"
"35","12","3",-2.19381481945049,0.974493760801711,1.81085190057655,"wp"
"36","12","0",-1.20814823439384,1.03158128457502,1.24508353846364,"wp"
"37","12","10",-3.39702906870262,0.772693590766812,3.01151813954882,"wp"
"38","12","5",-2.44335056490632,1.19263821985487,2.1602352392969,"wp"
"39","12","11",-2.02388479909686,1.27656143763657,1.80875341342515,"wp"
"40","12","8",-2.59815547060857,0.94195837616702,2.38729735818746,"wp"
"41","12","2",-2.80735492199014,0.972955074551037,1.6505988711171,"wp"
"42","12","9",-2.41788519480176,0.81899891445803,2.32193053511264,"wp"
"43","12","7",-1.23027611852599,1.77770388111512,0.979850344846701,"wp"
"44","12","4",-1.97810177690109,1.12155029844451,1.72070930024503,"wp"
"45","13","11",-1.74330888583986,0.600282089694048,1.82108063996328,"wp"
"46","13","8",-0.804001342079413,2.26735434583429,0.713904892237497,"wp"
"47","13","9",-0.854138381459112,1.68175896645368,0.85209247988801,"wp"
"48","13","3",-2.04998306402447,0.721871194427856,1.99262231856402,"wp"
"49","13","6",-0.859166874751268,1.94006114379039,0.734673378617693,"wp"
"50","13","2",-2.26515365115691e-16,4.67601563972254e-11,1.4714618744083e-18,"wp"
"51","13","4",-1.26169341382035,1.33468419441776,1.1065633029311,"wp"
"52","13","7",-0.840005142623339,2.00882926932578,0.759158964213281,"wp"
"53","13","0",-2.11988595574858,0.784041586477565,2.21394373110684,"wp"
"54","13","10",-0.970501576436809,1.41981289930141,0.940258160530359,"wp"
"55","13","5",-1.10213991683336,1.7803206115788,0.949013674701073,"wp"
"56","14","0",-0.702610033373249,1.12309859943439,0.765620447718968,"c"
"57","14","10",-1.05597867208396,1.60324963511765,1.07309804721621,"c"
"58","14","5",-0.911595401567795,2.59673063941765,0.803875980696539,"c"
"59","14","11",-0.976578695219574,1.4936384701628,0.968420661998395,"c"
"60","14","8",-1.02652611604379,1.85366031784147,0.997614406925937,"c"
"61","14","6",-0.817593799330983,2.06196970083674,0.71115546359903,"c"
"62","14","2",-0.648819825204947,1.63883443039777,0.699297336974301,"c"
"63","14","9",-1.08820320098281,1.68941913431348,1.07181910487601,"c"
"64","14","3",-0.729730332324275,1.95298917955515,0.749298151804339,"c"
"65","14","4",-0.703624193195654,2.32043854836285,0.559258698284511,"c"
"66","14","7",-0.862120695052491,2.28654108161958,0.70810504555556,"c"
"67","15","8",-1.21119862611732,1.71558787288499,1.11551334725536,"p"
"68","15","6",-1.39708180477702,1.62510027911582,1.38570060608637,"p"
"69","15","7",-1.25855942718379,1.65426108186133,1.18347196749178,"p"
"70","15","0",-3.8067278436126,-0.162485448026519,3.63719771026451,"p"
"71","15","10",-1.38717113549307,1.51839504587511,1.37767254483333,"p"
"72","15","5",-1.22994712585629,1.22785611500316,1.19525408084247,"p"
"73","15","11",-0.671959470602358,1.44217061148496,0.646004058714095,"p"
"74","15","3",-1.00477548010114,0.650078557807737,0.747804213387056,"p"
"75","15","2",NA,NA,NA,"p"
"76","15","9",-1.29676915747888,1.66381440460551,1.25077293749119,"p"
"77","15","4",-0.526665660037904,0.694994220484599,0.487737179557283,"p"
"78","16","8",-2.66296501272243,3.63096354635138,1.56570407588792,"w"
"79","16","11",-3.35274529868985,-0.481220940274595,3.44628384134428,"w"
"80","16","3",-1.0548060269751,1.25197119248183,0.982584575375828,"w"
"81","16","6",-1.2396928582544,1.7764142277493,0.989008265989419,"w"
"82","16","4",-0.710999422464826,1.79232213401669,0.615512028436742,"w"
"83","16","7",-2,2.99573227355399,1.17591036187686,"w"
"84","16","0",-3.22615556628488,-0.639420154820838,3.39828472807824,"w"
"85","16","10",-2.37362452117327,2.23852706354981,1.96504230384789,"w"
"86","16","5",-0.962294613050584,1.82121090379347,0.800194368089985,"w"
"87","16","9",-2.2352088504392,1.89346211130885,2.00003406645966,"w"
"88","16","2",-1.3266929444835,1.36780383684945,1.30031993594496,"w"
"89","2","11",-2.03909479621306,0.72413296026621,2.05894764430787,"c"
"90","2","8",-1.73910540138114,1.75710389358497,1.52784738953393,"c"
"91","2","5",-1.68611120725038,1.22889622832653,1.56750917424456,"c"
"92","2","9",-1.81265707502754,2.24676066166107,1.59297918396096,"c"
"93","2","3",-1.02406421286272,1.04122085776733,0.95293237130378,"c"
"94","2","6",-1.67807190511264,2.19101331733694,0.986631070598195,"c"
"95","2","10",-1.96447371267146,2.1478770773296,1.74752478838246,"c"
"96","2","4",-1.78137607117,1.19797974654083,1.46396519247599,"c"
"97","2","7",-3.29335703785521,1.15513187711976,2.34635273353034,"c"
"98","2","0",-1.26638593591912,1.08186759869194,1.31146108509966,"c"
"99","2","2",-1.28380057494663,1.3390119761933,1.21410662411576,"c"
"100","3","8",-1.32078561028719,1.24596149529646,1.37193126315266,"p"
"101","3","3",-0.631846783651493,0.804831294529895,0.57103651793734,"p"
"102","3","6",-1.2727720802521,1.71072268146687,1.21182390173102,"p"
"103","3","9",-0.926617651043968,1.3658773579502,0.951771302506034,"p"
"104","3","7",-1.21909891615196,2.0422653582069,1.15786947061582,"p"
"105","3","0",-1.09537471518676,1.42908693909415,1.16578299652427,"p"
"106","3","10",-0.861447973823632,1.23664115780184,0.865243244038412,"p"
"107","3","5",-0.951027618606291,1.84070311453535,0.925901159869266,"p"
"108","3","11",-0.38490355381173,1.60434535439623,0.367313407561556,"p"
"109","3","2",-0.464468340342054,0.152330324385326,0.30333478446352,"p"
"110","3","4",-0.734659099348952,1.71269799222017,0.66680101224216,"p"
"111","4","8",-1.26023591519307,1.26893311698644,1.24592675313278,"wp"
"112","4","6",-1.31640173824039,1.24283233372014,1.18230915344117,"wp"
"113","4","7",-1.10213991683336,1.7803206115788,0.949013674701073,"wp"
"114","4","0",-0.996077921681952,1.83810823471649,1.00239776881329,"wp"
"115","4","10",-1.01597556353342,0.957852912394901,1.01904307482148,"wp"
"116","4","5",-1.07493059200264,1.95008840482234,0.97539679593975,"wp"
"117","4","11",-0.742490430335702,1.48276409384721,0.736000030762595,"wp"
"118","4","3",-0.671264890576454,0.679350589918455,0.595202108395113,"wp"
"119","4","2",-0.441431447480062,0.212591982334913,0.326319201417639,"wp"
"120","4","9",-1.07660658773484,1.2104717906293,1.04191259034378,"wp"
"121","4","4",-1.1219046547084,1.0932967559377,1.03382467001634,"wp"
"122","5","6",-0.963652524854876,1.6086685481357,0.884439299165963,"wp"
"123","5","5",-0.956097177675508,2.41212381743355,0.798821043445742,"wp"
"124","5","11",-0.944740468779645,2.0021333169419,0.897291367703217,"wp"
"125","5","8",-1.08963019237279,2.30436317593617,0.949756152230724,"wp"
"126","5","10",-1.16671499633753,1.92363408017961,1.04849611337642,"wp"
"127","5","2",-1.2886677998817,0.567567975312944,0.927729729501612,"wp"
"128","5","9",-1.0975379818068,2.087232934295,1.04035662837931,"wp"
"129","5","3",-1.3029855510261,1.40433932741831,1.21544939231694,"wp"
"130","5","0",-0.785615711885386,1.72710686191416,0.770662305289408,"wp"
"131","5","4",-0.998431074442505,2.00550776521254,0.874340872265439,"wp"
"132","5","7",-1.1000500622341,1.98136524508593,0.961031375304189,"wp"
"133","6","6",-1.08166766652261,1.93149905057802,0.970515846402236,"p"
"134","6","3",-1.00647378856387,1.76480237386859,0.903050936965501,"p"
"135","6","0",-1.31089653124802,1.54187447220745,1.29772628217669,"p"
"136","6","10",-1.10379891997414,1.33918736524681,1.13348339720246,"p"
"137","6","5",-1.05307974318693,2.13476274831841,1.03140672583388,"p"
"138","6","11",-0.860824404351692,1.33507169615939,0.943936191954784,"p"
"139","6","8",-1.06772749033856,1.6727496568535,1.05784279364957,"p"
"140","6","2",-0.710528563170675,0.23908243005742,0.441851628835465,"p"
"141","6","9",-1.03360263825057,1.67459808930426,1.00852760734316,"p"
"142","6","7",-0.929014472541171,2.080525085862,0.875522048411343,"p"
"143","6","4",-0.977798278071152,1.77545661349611,0.904281394636992,"p"
"144","7","8",-1.25600790631497,1.94357641083171,1.17624529207206,"c"
"145","7","3",-1.32476621259774,1.72201384379719,1.36241282174027,"c"
"146","7","6",-1.63312988753622,1.76680182484053,1.37814334745711,"c"
"147","7","9",-1.5669012953184,1.54338171753622,1.57066444131881,"c"
"148","7","7",-1.3757217533488,2.2963753722952,1.055541972126,"c"
"149","7","0",-1.48982715163235,1.75995695279111,1.45005170411496,"c"
"150","7","10",-1.24180636012782,1.63499250764671,1.22464855426045,"c"
"151","7","5",-1.01823519460182,2.47367910393431,0.770486351725597,"c"
"152","7","11",-1.2695672547065,1.19470743488623,1.3698947080117,"c"
"153","7","2",-0.939705485714331,1.49620514763193,0.943078900187969,"c"
"154","7","4",-0.934036902043061,2.63408704905558,0.727411994227804,"c"
"155","8","11",-2.10902653748019,0.968140438967805,2.1416478080776,"w"
"156","8","8",-1.38553156720411,1.39130498250101,1.18501372429944,"w"
"157","8","9",-2.02873392776662,1.67232865389633,1.82528895279134,"w"
"158","8","3",-1.4227635550725,1.3260028809388,1.40309011711842,"w"
"159","8","6",-1.02727944863799,1.7184172853985,0.817718011168599,"w"
"160","8","2",-1.0521838031929,1.62325027994094,1.05753686538261,"w"
"161","8","4",-1.87425108828745,1.61234941839601,1.7130170516902,"w"
"162","8","7",-0.929555204778045,2.01615494982986,0.728478035746694,"w"
"163","8","0",-1.39924041500466,1.74569909370635,1.4295969535877,"w"
"164","8","10",-2.45043548348768,0.777610726406652,2.50310462801162,"w"
"165","8","5",-2.30168926309279,2.68139877277632,1.58013928905427,"w"
"166","9","11",-1.42411119735725,1.53087051623241,1.46465158882616,"w"
"167","9","8",-1.24374543493055,1.58998645231215,1.21092088859936,"w"
"168","9","5",-1.16837771500753,1.6314259592271,1.14231816882323,"w"
"169","9","9",-1.56333339508298,1.307786580512,1.52597877248881,"w"
"170","9","3",-1.13919648850075,1.54400333040478,1.09658056690875,"w"
"171","9","6",-1.02206949119233,1.6125809152912,0.880501707655901,"w"
"172","9","10",-1.33634738398338,2.01029317093702,1.25747924920592,"w"
"173","9","4",-1.55857759694821,1.50769840087992,1.49296379005364,"w"
"174","9","7",-0.930004149701736,1.44191624780997,0.885142170798771,"w"
"175","9","0",-0.824586289370863,2.18411558854425,0.833758315902434,"w"
"176","9","2",-1.111509569684,1.21514269587758,1.15908369309217,"w"
"177","1","1",-0.792707380723394,1.65085977901804,0.822985154432294,"w"
"178","11","1",-1.60612935172765,1.00125515035119,1.64020381631406,"c"
"179","14","1",-0.594662493997511,1.20343493652081,0.641370321275507,"c"
"180","16","1",-1.76894966612382,0.917753163086562,1.81640834192761,"w"
"181","2","1",-1.17256352996713,0.992596043936422,1.24624473465933,"c"
"182","7","1",-1.39292249984248,1.23578105941109,1.4629432963698,"c"
"183","8","1",-1.30102752009471,1.37972501036468,1.31728543585149,"w"
"184","9","1",-1.19607925912993,1.86415092542547,1.11077741883543,"w"
